Date,Open,High,Low,Close,Adj Close,Volume
3/19/2015,88.300003,89.949997,88.300003,88.459999,86.069191,457
3/20/2015,88.300003,88.5,88.300003,88.5,86.108109,45
3/23/2015,87.599998,88,87.599998,88,85.62162,255
3/24/2015,87.599998,88,87.599998,88,85.62162,95
3/25/2015,87.599998,87.849998,86.849998,86.849998,84.502701,50
3/26/2015,87.400002,88,87.400002,87.75,85.37838,100
3/27/2015,85.5,85.900002,85.5,85.900002,83.578384,55
3/30/2015,85.550003,87.099998,85.550003,87.099998,84.745949,550
3/31/2015,87,87.5,87,87.5,85.135139,80
4/1/2015,86.949997,87.199997,86.949997,87.199997,84.843239,45
4/6/2015,87.900002,88.400002,87.900002,88.400002,86.010811,120
4/7/2015,88.699997,89.550003,88.220001,89.449997,87.032433,652
4/8/2015,88.699997,90.099998,88.300003,90.099998,87.664864,845
4/9/2015,88.760002,90.550003,87.25,90.529999,88.083244,2645
4/10/2015,89.349998,90.800003,89.25,90.75,88.297302,459
4/13/2015,89.800003,90.150002,89.800003,90.150002,87.713516,70
4/15/2015,86.900002,92,86.900002,89.949997,87.518921,765
4/16/2015,89.550003,89.550003,89.550003,89.550003,87.129738,1
4/17/2015,89.150002,89.550003,89.150002,89.550003,87.129738,71
4/20/2015,88,89.5,87,89,86.594597,45280
4/21/2015,86.449997,86.449997,86.449997,86.449997,84.11351,1
4/22/2015,85.699997,86.099998,85.699997,86.099998,83.772972,90
4/23/2015,86.300003,86.300003,86.300003,86.300003,83.967575,6
4/24/2015,85.900002,86.300003,85.900002,86.150002,83.821625,100
4/27/2015,86.150002,86.150002,86.150002,86.150002,83.821625,45
4/28/2015,84.099998,85.550003,84.099998,85.550003,83.237839,545
4/29/2015,84.550003,86.5,84.550003,86.480003,84.142708,342
4/30/2015,84.300003,84.300003,84.300003,84.300003,82.021629,1
5/4/2015,83.699997,84.550003,83.699997,84.550003,82.26487,422
5/5/2015,85.25,85.650002,85.25,85.650002,83.335136,100
5/6/2015,87,92,85.650002,86.949997,84.599998,72
5/7/2015,101,101,101,101,98.270271,1
5/8/2015,101,101,87,87,84.648651,211
5/11/2015,97.900002,97.900002,89,89,86.594597,2
5/12/2015,90,90,90,90,87.567566,1
5/13/2015,85,85,85,85,82.702705,5
5/14/2015,85.5,85.75,85.5,85.75,83.432434,50
5/15/2015,87,87,87,87,84.648651,1
5/18/2015,87,87,84.25,84.25,81.972977,101
5/19/2015,89.900002,89.900002,89.5,89.5,87.081085,2
5/20/2015,86,87,84.519997,85.690002,83.374062,438
5/21/2015,92,92,92,92,89.513512,1
5/22/2015,93,93,93,93,90.486488,1
5/25/2015,88,88,88,88,85.62162,5
5/26/2015,93,93,93,93,90.486488,1
5/27/2015,93,96,93,93,90.486488,51
5/28/2015,94,94,94,94,91.459457,1
5/29/2015,93.900002,94,93.900002,94,91.459457,2
6/1/2015,93,93,93,93,90.486488,1
6/2/2015,93,93,93,93,90.486488,1
6/3/2015,87,91.699997,83.019997,84.419998,82.138374,5359
6/4/2015,87,89.800003,86,86,83.675674,818
6/5/2015,84.110001,88,82.099998,86.339996,84.006485,1592
6/8/2015,87,88.480003,84.099998,84.099998,81.827026,1125
6/9/2015,99.699997,99.699997,99,99,96.324326,2
6/10/2015,99,99,99,99,96.324326,1
6/11/2015,98,98,98,98,95.351357,1
6/12/2015,98,98,98,98,95.351357,1
6/15/2015,97,97,97,97,94.37838,1
6/16/2015,97,97,97,97,94.37838,1
6/17/2015,97.900002,98,97.900002,98,95.351357,2
6/18/2015,84.389999,84.800003,84.389999,84.75,82.459457,429
6/19/2015,98.900002,99,98.900002,99,96.324326,2
6/22/2015,85,86,85,85.970001,83.646492,381
6/23/2015,99,99,99,99,96.324326,5
6/24/2015,99,99,98.800003,98.800003,96.129738,102
6/25/2015,84.25,85.599998,83.349998,84.889999,82.59568,998
6/26/2015,84.75,84.980003,84.75,84.949997,82.654053,159
6/29/2015,98.800003,98.800003,98.800003,98.800003,96.129738,48
6/30/2015,85,86.489998,85,85.970001,83.646492,480
7/1/2015,87,87,86.199997,87,84.648651,19
7/2/2015,85,86.699997,85,86.110001,83.782707,1200
7/3/2015,103.5,103.5,86,86.75,84.405403,24
7/6/2015,103.900002,103.900002,87,87,84.648651,26
7/7/2015,100,100,100,100,97.297302,1
7/8/2015,87,87,87,87,84.648651,1
7/9/2015,86.599998,86.639999,85.900002,85.949997,83.627022,368
7/10/2015,100,102.900002,100,102.900002,100.118919,2
7/13/2015,102.400002,102.5,92,92,89.513512,503
7/14/2015,101,101,85.300003,88.400002,86.010811,26
7/15/2015,90,90,85.099998,85.199997,82.897293,22
7/16/2015,90,90,90,90,87.567566,2
7/17/2015,100,100,90,90,87.567566,2
7/20/2015,87.879997,90.5,87.510002,88.949997,86.545944,462
7/21/2015,100,100,90,90,87.567566,11
7/22/2015,94.900002,94.900002,90,90,87.567566,8
7/23/2015,105,105,90,90,87.567566,15
7/24/2015,89,90,89,90,87.567566,2
7/27/2015,105,105,85.650002,85.650002,83.335136,73
7/28/2015,94,94,94,94,91.459457,1
7/29/2015,92,92,92,92,89.513512,1
7/30/2015,90,90,87.5,87.550003,85.183784,36
7/31/2015,100,100,91.25,91.25,88.783783,3
8/3/2015,95,95,95,95,92.432434,5
8/4/2015,94.900002,94.900002,93.699997,93.699997,91.167564,2
8/5/2015,100,100,85.5,86.5,84.162163,213
8/6/2015,87.449997,87.449997,87.449997,87.449997,85.086487,1
8/7/2015,89.900002,89.900002,87.449997,87.449997,85.086487,23
8/10/2015,90,90,88.900002,88.900002,86.497299,51
8/11/2015,87.300003,87.599998,87.300003,87.599998,85.23243,2
8/12/2015,85.050003,86.040001,85,85.199997,82.897293,710
8/13/2015,85.599998,85.919998,85.349998,85.349998,83.043243,239
8/14/2015,86.25,86.910004,86.25,86.779999,84.434593,156
8/17/2015,86.25,87.230003,86.25,86.5,84.162163,505
8/18/2015,90,90,90,90,87.567566,21
8/19/2015,85.699997,88.599998,85.589996,86.300003,83.967575,856
8/20/2015,88.279999,88.279999,85.690002,86,83.675674,284
8/21/2015,94.900002,94.900002,83,83,80.75676,2
8/24/2015,90,90,90,90,87.567566,5
8/25/2015,84.849998,85,83.099998,85,82.702705,796
8/26/2015,86,86,83,84.900002,82.605408,1216
8/27/2015,85.75,85.800003,82.510002,82.699997,80.464867,1806
8/28/2015,85.699997,87.5,83,83,80.75676,801
8/31/2015,85.5,92.849998,83.5,83.660004,81.398926,4940
9/1/2015,83.5,87.800003,81.209999,83.5,81.243248,908
9/2/2015,86.5,94.550003,83.889999,85.400002,83.091896,2682
9/3/2015,93.800003,93.800003,93.800003,93.800003,91.26487,4
9/4/2015,85.900002,85.900002,85.900002,85.900002,83.578384,4
9/7/2015,87,87,87,87,84.648651,2
9/8/2015,85,87.550003,83.650002,85.809998,83.490807,760
9/9/2015,86,87.480003,86,87.089996,84.736214,223
9/10/2015,84,87.480003,84,86.260002,83.92865,589
9/11/2015,87,87,84.699997,86.989998,84.638916,578
9/14/2015,87.400002,88.779999,85,86.919998,84.570808,702
9/15/2015,87,89.989998,86.050003,86.050003,83.724327,346
9/16/2015,85.5,89.75,85.110001,89.5,87.081085,260
9/18/2015,96.699997,96.699997,90,90,87.567566,42
9/21/2015,82.529999,82.970001,82.529999,82.970001,80.72757,1374
9/22/2015,83,83.139999,80.769997,81.5,79.297302,2681
9/23/2015,84,86,84,85.5,83.189194,12
9/24/2015,81.349998,81.400002,81.349998,81.400002,79.200005,79
9/28/2015,85,85,83,83,80.75676,110
9/29/2015,81,87.879997,81,84.699997,82.410812,5336
9/30/2015,89.900002,89.900002,89.900002,89.900002,87.470276,2
10/1/2015,85,86.379997,84.010002,84.010002,81.739464,392
10/5/2015,85.940002,85.949997,83.660004,85.019997,82.72216,779
10/6/2015,85.400002,85.480003,85.400002,85.480003,83.169731,108
10/7/2015,85.900002,85.900002,85.400002,85.400002,83.091896,53
10/8/2015,84.099998,85.669998,84,85.25,82.945946,694
10/9/2015,84.5,86,84.129997,84.129997,81.856216,10618
10/12/2015,84.650002,86.379997,83.599998,83.599998,81.340538,954
10/13/2015,84.5,85.949997,82.5,85.949997,83.627022,551
10/14/2015,83.849998,83.849998,83.739998,83.739998,81.476753,98
10/15/2015,84.349998,84.459999,83.25,83.550003,81.291893,316
10/16/2015,84.300003,84.339996,83.25,84,81.729729,360
10/19/2015,86.5,86.5,86.5,86.5,84.162163,21
10/20/2015,85,85.389999,84.300003,84.940002,82.644325,373
10/21/2015,84.099998,85.25,84.099998,84.300003,82.021629,915
10/23/2015,88.900002,88.900002,88.900002,88.900002,86.497299,5
10/26/2015,83.900002,83.900002,83.260002,83.620003,81.360001,176
10/27/2015,82.599998,83,81.199997,82.970001,80.72757,6497
10/28/2015,83.5,83.529999,83.150002,83.150002,80.902702,5590
10/29/2015,83.190002,83.400002,82.879997,83.400002,81.14595,2520
10/30/2015,83.699997,83.949997,83,83,80.75676,231
11/2/2015,83,83.25,82.099998,83,80.75676,546
11/3/2015,87,87,85.699997,85.699997,83.383781,24
11/4/2015,83.400002,83.480003,82.32,82.32,80.095139,173
11/5/2015,87.949997,87.949997,85.400002,85.400002,83.091896,4
11/6/2015,82.800003,82.879997,81.18,82,79.783783,3512
11/9/2015,82,82,80.75,81.699997,79.49189,909
11/10/2015,86.949997,86.949997,84.449997,84.449997,82.167564,12
11/13/2015,81,81,80.050003,80.300003,78.12973,2590
11/16/2015,80,80.989998,78.25,80.989998,78.801079,302
11/17/2015,81.099998,81.260002,80.75,80.75,78.567566,622
11/18/2015,78.800003,83.699997,76.699997,83.199997,80.951347,150
11/19/2015,79,79,79,79,76.864868,8
11/20/2015,81.099998,81.809998,81,81.010002,78.820541,1234
11/23/2015,89.900002,89.900002,85.900002,85.900002,83.578384,10
11/24/2015,82.980003,82.980003,79.5,79.610001,77.458382,1058
11/26/2015,82.400002,82.400002,81.480003,81.480003,79.27784,169
11/27/2015,79.019997,82,79.019997,81.110001,78.917839,623
11/30/2015,94.989998,94.989998,80.599998,83.220001,80.97081,438
12/1/2015,84.800003,85.449997,82,82,79.783783,324
12/2/2015,84.980003,85,82.550003,82.550003,80.318924,196
12/3/2015,89,89,89,89,86.594597,5
12/4/2015,85.900002,85.900002,79,82.449997,80.221619,10
12/7/2015,94,94,94,94,91.459457,2
12/8/2015,81,81,80,80.160004,77.993515,1004
12/9/2015,80.879997,80.900002,78.75,79,76.864868,541
12/10/2015,79.099998,80.980003,79.019997,80,77.837837,1090
12/11/2015,80,81.849998,80,80,77.837837,858
12/14/2015,79.989998,79.989998,79,79,76.864868,608
12/15/2015,79,79,79,79,76.864868,383
12/16/2015,79.010002,81,79,79.120003,76.981628,1955
12/17/2015,81.739998,81.75,79.550003,79.550003,77.400002,136
12/18/2015,82.5,82.959999,81.5,81.5,79.297302,284
12/21/2015,81,83.300003,79.510002,79.57,77.419464,643
12/22/2015,81.480003,81.650002,79.699997,81.400002,79.200005,179
12/23/2015,81.699997,82.949997,81.099998,82.650002,80.416222,732
12/24/2015,82.480003,82.480003,82.480003,82.480003,80.250816,240
12/28/2015,93.900002,93.900002,85.400002,85.400002,83.091896,100
12/29/2015,83.879997,84.599998,82.5,84.5,82.216217,225
12/30/2015,84.900002,87,81.620003,81.620003,79.414055,874
12/31/2015,83.849998,83.889999,82.010002,82.010002,79.793518,135
1/1/2016,84.5,86.989998,82,82.099998,79.881081,1027
1/4/2016,90,90,84.949997,85,82.702705,15
1/5/2016,84.400002,84.400002,84.400002,84.400002,82.118919,2
1/6/2016,81.449997,81.879997,80.5,80.5,78.324326,91
1/7/2016,79.5,80.300003,77.150002,78.190002,76.076759,3393
1/8/2016,82.800003,82.800003,82.800003,82.800003,80.562164,1
1/11/2016,81.980003,81.980003,79.849998,81.550003,79.345947,2128
1/12/2016,81.989998,84,81.989998,82,79.783783,339
1/13/2016,81,82.800003,80.050003,82.349998,80.124321,599
1/14/2016,81,83.349998,81,83.080002,80.834595,568
1/15/2016,80.5,82,80.5,81.879997,79.667023,656
1/18/2016,80.349998,82.5,80.099998,81.459999,79.258377,409
1/19/2016,83.480003,83.480003,82.650002,83.440002,81.184868,500
1/20/2016,83.440002,86,77.110001,79.839996,77.682159,993
1/21/2016,82.480003,82.480003,79,81.800003,79.589195,602
1/22/2016,81.900002,82.980003,81.739998,82.25,80.027031,471
1/25/2016,84.300003,84.699997,84,84.400002,82.118919,208
1/27/2016,83.900002,84.400002,81,81,78.810814,50321
1/28/2016,84.800003,84.800003,80.5,80.510002,78.334061,611916
1/29/2016,81.849998,81.849998,80.300003,80.699997,78.518921,616152
2/1/2016,82,82,80,80.300003,78.12973,266341
2/2/2016,81.25,81.25,80.099998,81,78.810814,1073
2/3/2016,91.900002,91.900002,90,90,87.567566,10
2/4/2016,80.75,81,80.5,80.5,78.324326,127
2/5/2016,87,87,87,87,84.648651,2
2/8/2016,82.900002,82.949997,82.900002,82.900002,80.659462,15
2/9/2016,79,79,79,79,76.864868,1
2/10/2016,80,80,80,80,77.837837,1
2/11/2016,76,77.900002,73.650002,77.889999,75.784866,6478
2/12/2016,72,72,72,72,70.054054,15
2/15/2016,76,76,76,76,73.945946,300
2/16/2016,73.5,74,70.279999,73,71.027031,8893
2/17/2016,73.779999,73.779999,72.050003,72.050003,70.102707,756
2/18/2016,75.400002,75.400002,73.800003,74.099998,72.097298,300
2/19/2016,74.199997,74.410004,74.199997,74.199997,72.194595,307
2/22/2016,74.870003,74.870003,74.760002,74.800003,72.778381,549
2/23/2016,72.849998,73.25,72.849998,73.25,71.270271,2
2/24/2016,73,73.379997,72.5,72.580002,70.618378,3240
2/25/2016,72.809998,72.809998,72.25,72.25,70.297302,814
2/26/2016,72.949997,72.949997,72.400002,72.75,70.783783,445
2/29/2016,78,78,78,78,75.891891,64
3/1/2016,73.080002,74.400002,73.080002,74.400002,72.389191,461
3/2/2016,75.349998,75.349998,71.099998,75.349998,73.313515,884
3/3/2016,76.900002,89,76.650002,77,74.918922,325
3/4/2016,76.699997,76.900002,76.699997,76.800003,74.724327,614
3/8/2016,78.400002,78.400002,78.400002,78.400002,76.281082,2
3/9/2016,76.93,77.959999,76.93,77.410004,75.317841,2474
3/10/2016,77.050003,78.029999,76.93,77.510002,75.415138,1993
3/11/2016,77.5,78.059998,77.5,77.620003,75.522163,333
3/14/2016,77.599998,78.260002,77.599998,78.099998,75.989189,1544
3/15/2016,77.650002,77.989998,77.099998,77.099998,75.016212,7730
3/16/2016,76.949997,77.199997,76.5,77.150002,75.064865,202
3/17/2016,78.300003,78.5,77.32,77.32,75.23027,547
3/18/2016,78.099998,78.519997,77.639999,78.5,76.37838,22728
3/21/2016,79.080002,79.360001,78.760002,79.360001,77.215134,3324
3/22/2016,78.970001,79.610001,78.949997,79.540001,77.390274,4268
3/23/2016,79.309998,79.699997,79.309998,79.699997,77.545944,6976
3/28/2016,79.699997,79.849998,78.82,79.400002,77.254059,12190
3/29/2016,79.099998,79.099998,78.720001,79.050003,76.913521,428
3/30/2016,80.25,80.25,80.25,80.25,78.081085,23
3/31/2016,80.610001,80.610001,78.410004,79.629997,77.477837,684
4/1/2016,80.209999,80.400002,79.919998,79.919998,77.760002,1163
4/4/2016,80.190002,80.25,79.949997,80.199997,78.032433,1104
4/5/2016,81.25,81.25,81.25,81.25,79.054054,2
4/6/2016,79,79,78.599998,78.599998,76.475677,673
4/7/2016,78.57,78.57,78.330002,78.330002,76.212975,611
4/8/2016,78.639999,78.849998,78.589996,78.699997,76.572968,590
4/11/2016,78.550003,78.550003,78.550003,78.550003,76.427032,1
4/12/2016,79.870003,79.949997,79.43,79.900002,77.74054,660
4/13/2016,80,81.5,80,81.5,79.297302,2
4/18/2016,81.18,81.959999,81.18,81.629997,79.423782,688
4/20/2016,82,82,81.389999,81.870003,79.657303,247
4/21/2016,81.75,81.75,81.75,81.75,79.540543,30
4/22/2016,81.989998,82.089996,81.309998,81.309998,79.112434,685
4/25/2016,81.510002,81.510002,81.410004,81.410004,79.209732,115
4/26/2016,82,82.550003,76.099998,82,79.783783,174
4/27/2016,83.360001,84,83,83.510002,81.252975,383
4/28/2016,81.830002,82.75,81.400002,81.400002,79.200005,903
4/29/2016,81.68,81.68,80.900002,81,81,324
5/2/2016,85,85,85,85,85,142
5/3/2016,81,84.800003,77.849998,77.849998,77.849998,27
5/4/2016,78,78,77.5,77.5,77.5,2403
5/5/2016,77.949997,77.949997,77.949997,77.949997,77.949997,2
5/6/2016,77.25,78.43,77.199997,78.190002,78.190002,13074
5/9/2016,79,79,79,79,79,1
5/10/2016,79.25,79.809998,79,79.650002,79.650002,5402
5/11/2016,79.019997,79.489998,78.900002,79.120003,79.120003,2881
5/12/2016,79.589996,79.809998,79.300003,79.580002,79.580002,1278
5/13/2016,79.5,79.5,78.510002,78.510002,78.510002,3739
5/16/2016,78.650002,79.059998,78.25,79.059998,79.059998,2257
5/17/2016,79.660004,80.550003,79.360001,79.519997,79.519997,8661
5/18/2016,79.010002,79.059998,78.800003,78.970001,78.970001,2426
5/19/2016,79.209999,79.330002,78.75,78.75,78.75,855
5/20/2016,78.669998,78.669998,78,78,78,33527
5/23/2016,86.599998,86.599998,77.900002,77.93,77.93,784
5/24/2016,77.5,77.5,77.400002,77.400002,77.400002,4
5/25/2016,78.980003,79.650002,78.980003,79.610001,79.610001,2378
5/26/2016,80.25,80.650002,80.25,80.650002,80.650002,207
5/27/2016,81.459999,81.93,81.459999,81.900002,81.900002,9727
5/30/2016,82.449997,82.449997,82.449997,82.449997,82.449997,24
5/31/2016,82.57,82.57,81.910004,82.010002,82.010002,1580
6/1/2016,82.699997,82.699997,82.099998,82.099998,82.099998,1005
6/2/2016,82.199997,82.949997,81.900002,82.589996,82.589996,5589
6/3/2016,83.099998,83.099998,83.099998,83.099998,83.099998,5
6/6/2016,82.849998,82.849998,82.849998,82.849998,82.849998,2
6/7/2016,75,75,75,75,75,400
6/8/2016,83.300003,83.300003,82.82,83.290001,83.290001,6289
6/9/2016,83,83,83,83,83,1
6/10/2016,82.639999,83.410004,82.190002,82.190002,82.190002,4285
6/13/2016,81.599998,81.900002,81.599998,81.900002,81.900002,50
6/14/2016,81.870003,81.870003,81.260002,81.690002,81.690002,2567
6/15/2016,82.010002,82.949997,81.949997,82.949997,82.949997,7203
6/16/2016,82.540001,82.540001,81.739998,82.269997,82.269997,2015
6/17/2016,82.910004,82.910004,82.220001,82.32,82.32,2073
6/20/2016,82.25,83.239998,82.25,83.07,83.07,2625
6/21/2016,83.370003,83.370003,82.900002,82.970001,82.970001,1951
6/22/2016,83,83.080002,82.5,82.5,82.5,1608
6/23/2016,83.139999,83.599998,82.620003,83.370003,83.370003,2004
6/24/2016,81,81,78,78,78,202
6/27/2016,81.550003,81.550003,81.550003,81.550003,81.550003,1
6/28/2016,82.25,82.25,82.25,82.25,82.25,100
6/29/2016,82.629997,82.970001,82.5,82.68,82.68,2104
6/30/2016,83.669998,83.790001,83.410004,83.779999,83.779999,1922
7/1/2016,84.089996,84.5,84.010002,84.330002,84.330002,3801
7/4/2016,84.699997,84.699997,84.699997,84.699997,84.699997,5
7/5/2016,84.449997,84.449997,84.449997,84.449997,84.449997,2
7/7/2016,84.150002,84.349998,84,84.349998,84.349998,3703
7/8/2016,84.199997,84.199997,83.849998,84.019997,84.019997,22374
7/11/2016,85.599998,85.599998,85.599998,85.599998,85.599998,1
7/12/2016,85.870003,86.040001,85.650002,85.980003,85.980003,3467
7/13/2016,86,86.099998,85.760002,86.099998,86.099998,8436
7/14/2016,86.099998,86.099998,86.099998,86.099998,86.099998,99
7/15/2016,86.940002,86.940002,86.169998,86.449997,86.449997,2122
7/18/2016,86.769997,87,85.940002,85.940002,85.940002,2646
7/19/2016,86.339996,86.339996,85.889999,86.199997,86.199997,1872
7/20/2016,86.300003,86.889999,86.300003,86.889999,86.889999,463
7/21/2016,86.910004,86.910004,86.300003,86.300003,86.300003,289
7/22/2016,86.25,86.25,86.25,86.25,86.25,35
7/25/2016,86.379997,86.379997,86.379997,86.379997,86.379997,0
7/26/2016,86.379997,86.379997,86.379997,86.379997,86.379997,0
7/27/2016,87.800003,87.800003,87.800003,87.800003,87.800003,54
7/28/2016,86.379997,86.379997,86.379997,86.379997,86.379997,0
7/29/2016,86.379997,86.379997,86.379997,86.379997,86.379997,0
8/1/2016,86.379997,86.379997,86.379997,86.379997,86.379997,0
8/2/2016,86.379997,86.379997,86.379997,86.379997,86.379997,0
8/3/2016,87.199997,87.199997,87.199997,87.199997,87.199997,5
8/4/2016,86.379997,86.379997,86.379997,86.379997,86.379997,0
8/5/2016,89,89,89,89,89,4
8/8/2016,90,90,87.949997,87.949997,87.949997,820
8/9/2016,88.400002,88.400002,88.400002,88.400002,88.400002,1
8/10/2016,90,90,90,90,90,2
8/11/2016,86.379997,86.379997,86.379997,86.379997,86.379997,0
8/12/2016,86.379997,86.379997,86.379997,86.379997,86.379997,0
8/16/2016,86.379997,86.379997,86.379997,86.379997,86.379997,0
8/17/2016,86.379997,86.379997,86.379997,86.379997,86.379997,0
8/18/2016,86.379997,86.379997,86.379997,86.379997,86.379997,0
8/19/2016,86.379997,86.379997,86.379997,86.379997,86.379997,0
8/22/2016,86.379997,86.379997,86.379997,86.379997,86.379997,0
8/23/2016,86.379997,86.379997,86.379997,86.379997,86.379997,0
8/24/2016,86.379997,86.379997,86.379997,86.379997,86.379997,0
8/25/2016,86.379997,86.379997,86.379997,86.379997,86.379997,0
8/26/2016,86.379997,86.379997,86.379997,86.379997,86.379997,0
8/29/2016,87.199997,87.199997,87,87,87,63
8/30/2016,88.25,88.25,88.25,88.25,88.25,100
8/31/2016,88.849998,88.849998,88.849998,88.849998,88.849998,100
9/1/2016,86.379997,86.379997,86.379997,86.379997,86.379997,0
9/2/2016,88.699997,88.75,88.699997,88.75,88.75,1308
9/6/2016,90.349998,90.550003,90.349998,90.550003,90.550003,6
9/7/2016,86.379997,86.379997,86.379997,86.379997,86.379997,0
9/8/2016,86.379997,86.379997,86.379997,86.379997,86.379997,0
9/9/2016,90.650002,90.650002,90.650002,90.650002,90.650002,1
9/12/2016,86.379997,86.379997,86.379997,86.379997,86.379997,0
9/14/2016,86.379997,86.379997,86.379997,86.379997,86.379997,0
9/15/2016,88.349998,88.349998,88.349998,88.349998,88.349998,20
9/16/2016,89.199997,89.199997,89.199997,89.199997,89.199997,1
9/19/2016,86.379997,86.379997,86.379997,86.379997,86.379997,0
9/20/2016,86.379997,86.379997,86.379997,86.379997,86.379997,0
9/21/2016,86.379997,86.379997,86.379997,86.379997,86.379997,0
9/22/2016,90,90,90,90,90,1400
9/23/2016,90.25,90.25,90,90,90,1550
9/26/2016,86.379997,86.379997,86.379997,86.379997,86.379997,0
9/27/2016,88,88.949997,88,88.650002,88.650002,202
9/28/2016,86.379997,86.379997,86.379997,86.379997,86.379997,0
9/29/2016,88,88,86.699997,86.699997,86.699997,1002
9/30/2016,87.550003,87.550003,87.550003,87.550003,87.550003,50
10/3/2016,88.400002,88.400002,88.400002,88.400002,88.400002,5
10/4/2016,86.379997,86.379997,86.379997,86.379997,86.379997,0
10/5/2016,89.199997,89.199997,89.199997,89.199997,89.199997,2
10/6/2016,86.379997,86.379997,86.379997,86.379997,86.379997,0
10/7/2016,86.379997,86.379997,86.379997,86.379997,86.379997,0
10/10/2016,86.379997,86.379997,86.379997,86.379997,86.379997,0
10/13/2016,88,88,86.5,86.5,86.5,1012
10/14/2016,86.379997,86.379997,86.379997,86.379997,86.379997,0
10/17/2016,86.379997,86.379997,86.379997,86.379997,86.379997,0
10/18/2016,86.379997,86.379997,86.379997,86.379997,86.379997,0
10/19/2016,87.599998,87.599998,87.599998,87.599998,87.599998,5
10/20/2016,88,88.699997,88,88.550003,88.550003,6
10/21/2016,88.150002,88.150002,88.150002,88.150002,88.150002,3
10/24/2016,86.379997,86.379997,86.379997,86.379997,86.379997,0
10/25/2016,88.650002,88.650002,88.650002,88.650002,88.650002,3
10/26/2016,87.800003,87.800003,87.800003,87.800003,87.800003,2
10/27/2016,87.550003,87.550003,87.550003,87.550003,87.550003,53
10/28/2016,86.379997,86.379997,86.379997,86.379997,86.379997,0
11/1/2016,86.379997,86.379997,86.379997,86.379997,86.379997,0
11/2/2016,87,87,86.5,86.550003,86.550003,8
11/3/2016,86.900002,86.949997,86.75,86.75,86.75,184
11/4/2016,86,86,85.400002,85.400002,85.400002,8
11/7/2016,86.379997,86.379997,86.379997,86.379997,86.379997,0
11/8/2016,86.379997,86.379997,86.379997,86.379997,86.379997,0
11/9/2016,84.300003,84.300003,84.300003,84.300003,84.300003,100
11/10/2016,86.300003,87.400002,86.300003,87,87,9
11/11/2016,85.25,85.25,84.5,84.5,84.5,103
11/15/2016,84,84,82.650002,82.800003,82.800003,638
11/16/2016,86.379997,86.379997,86.379997,86.379997,86.379997,0
11/17/2016,82.75,83,82.75,83,83,120
11/18/2016,86.379997,86.379997,86.379997,86.379997,86.379997,0
11/21/2016,82,82,80.5,80.5,80.5,118
11/22/2016,81.199997,81.25,81.199997,81.25,81.25,66
11/23/2016,81.599998,81.599998,81.599998,81.599998,81.599998,11
11/24/2016,81.599998,81.599998,81.349998,81.349998,81.349998,513
11/25/2016,82,82.599998,82,82.599998,82.599998,2
11/28/2016,82.650002,82.699997,82.650002,82.699997,82.699997,84
11/29/2016,83,83.300003,83,83,83,91
11/30/2016,83.400002,83.400002,83.400002,83.400002,83.400002,165
12/1/2016,83.900002,83.900002,83.900002,83.900002,83.900002,16
12/2/2016,83.099998,83.099998,82.25,82.25,82.25,64
12/5/2016,82.449997,82.449997,82.400002,82.449997,82.449997,42
12/6/2016,83.400002,83.400002,83.349998,83.349998,83.349998,51
12/7/2016,83.25,83.25,83.25,83.25,83.25,71
12/8/2016,83.25,83.849998,83.25,83.849998,83.849998,49
12/9/2016,84,84.150002,84,84.150002,84.150002,38
12/12/2016,83.550003,83.550003,83.550003,83.550003,83.550003,5
12/13/2016,83.449997,83.5,83.449997,83.5,83.5,27
12/14/2016,83.699997,83.75,83.699997,83.75,83.75,47
12/15/2016,83,83.75,83,83.050003,83.050003,52
12/16/2016,83.099998,83.099998,83.050003,83.050003,83.050003,87
12/19/2016,82.800003,82.849998,82.800003,82.849998,82.849998,71
12/20/2016,82.800003,82.800003,82.75,82.75,82.75,115
12/21/2016,82.550003,82.650002,82.550003,82.550003,82.550003,98
12/22/2016,82,82,81.050003,81.050003,81.050003,92
12/23/2016,81.099998,81.150002,81.099998,81.150002,81.150002,82
12/26/2016,81,81,80.349998,80.349998,80.349998,52
12/27/2016,80.849998,80.849998,80.699997,80.699997,80.699997,100
12/28/2016,82.300003,82.349998,82.300003,82.349998,82.349998,48
12/29/2016,82.099998,82.099998,82.099998,82.099998,82.099998,191
12/30/2016,83,83.449997,83,83.449997,83.449997,60
1/2/2017,83.199997,83.25,83.199997,83.25,83.25,164
1/3/2017,83.449997,83.449997,83.349998,83.349998,83.349998,30
1/4/2017,83.699997,83.699997,83.25,83.25,83.25,30
1/5/2017,84,84.349998,84,84.349998,84.349998,21
1/6/2017,84.75,84.75,84.75,84.75,84.75,40
1/9/2017,84.099998,84.099998,84.099998,84.099998,84.099998,170
1/10/2017,84.400002,84.400002,83.949997,83.949997,83.949997,23
1/11/2017,85,85.449997,85,85.449997,85.449997,14
1/12/2017,85.599998,85.75,85,85.75,85.75,14
1/13/2017,85.650002,85.650002,85.650002,85.650002,85.650002,16
1/16/2017,85.599998,85.800003,85.449997,85.449997,85.449997,149
1/17/2017,86,86,85.199997,85.199997,85.199997,88
1/18/2017,86.199997,86.25,85.550003,85.75,85.75,557
1/19/2017,85.849998,86,85.300003,85.599998,85.599998,330
1/20/2017,85.800003,85.849998,84.900002,85.199997,85.199997,153
1/23/2017,85,85.550003,85,85.199997,85.199997,148
1/24/2017,85.949997,86.099998,85.5,85.900002,85.900002,665
1/25/2017,85.5,87.599998,85.5,87.050003,87.050003,359
1/27/2017,87,88.150002,87,87.650002,87.650002,1760
1/30/2017,88,88.150002,87.599998,87.800003,87.800003,314
1/31/2017,87.900002,88.199997,86.650002,87.050003,87.050003,605
2/1/2017,87.400002,88.449997,86.800003,88.449997,88.449997,177
2/2/2017,88.449997,89.25,88.449997,89,89,550
2/3/2017,89,89.150002,88.5,88.5,88.5,545
2/6/2017,89,89.849998,89,89.800003,89.800003,564
2/7/2017,89,89.75,89,89,89,403
2/8/2017,89.599998,89.599998,89,89,89,53
2/9/2017,89.800003,89.800003,88.550003,88.849998,88.849998,268
2/10/2017,89.849998,89.849998,89.199997,89.199997,89.199997,119
2/13/2017,89.900002,89.900002,89.199997,89.349998,89.349998,88
2/14/2017,89.800003,89.800003,89.099998,89.449997,89.449997,291
2/15/2017,89.550003,89.550003,88.5,88.5,88.5,1933
2/16/2017,88.949997,89.050003,88.650002,88.949997,88.949997,111
2/17/2017,89,90.199997,89,89.949997,89.949997,404
2/20/2017,88,90.199997,88,90.050003,90.050003,370
2/21/2017,90,90.650002,90,90.050003,90.050003,198
2/22/2017,90.849998,91,90.75,90.800003,90.800003,549
2/23/2017,90,91.349998,90,90.699997,90.699997,554
2/27/2017,90.699997,91.150002,90.400002,90.400002,90.400002,251
2/28/2017,90.75,90.75,90.099998,90.25,90.25,416
3/1/2017,91,91,90.650002,90.949997,90.949997,221
3/2/2017,91,91.599998,90.300003,90.400002,90.400002,1577
3/3/2017,90.449997,90.449997,90,90.300003,90.300003,117
3/6/2017,90.599998,91.300003,90.599998,91,91,352
3/7/2017,91,91.300003,90.75,90.800003,90.800003,546
3/8/2017,90.900002,91.099998,90.400002,90.800003,90.800003,564
3/9/2017,90.949997,90.949997,90.449997,90.699997,90.699997,375
3/10/2017,91.099998,91.099998,90.800003,90.800003,90.800003,1112
3/14/2017,90.800003,92.599998,90.800003,92.300003,92.300003,2206
3/15/2017,92.300003,92.699997,92.300003,92.400002,92.400002,2748
3/16/2017,92.400002,93.349998,92.400002,93,93,5289
3/17/2017,93.400002,93.5,92.800003,92.849998,92.849998,30760
3/20/2017,92.699997,93.349998,92.550003,92.650002,92.650002,1546
3/21/2017,93.199997,93.25,92.400002,92.800003,92.800003,867
3/22/2017,92.5,92.5,91.699997,91.949997,91.949997,748
3/23/2017,91.949997,92.699997,91.949997,92.449997,92.449997,298
3/24/2017,92.449997,93.199997,92.449997,92.650002,92.650002,585
3/27/2017,92.300003,92.5,92.050003,92.199997,92.199997,549
3/28/2017,92.5,92.949997,92.400002,92.900002,92.900002,172
3/29/2017,92,94,89,93.099998,93.099998,412
3/30/2017,92.75,93.550003,92.75,93.199997,93.199997,299
3/31/2017,93.599998,93.599998,93.099998,93.599998,93.599998,774
4/3/2017,92.550003,94.150002,92.550003,94.150002,94.150002,347
4/5/2017,94.25,94.400002,94,94.25,94.25,104
4/6/2017,93.900002,94.300003,93.75,93.849998,93.849998,119
4/7/2017,93,94.300003,93,94.050003,94.050003,16416
4/10/2017,94,94,93.449997,93.449997,93.449997,2947
4/11/2017,94.050003,94.199997,93.800003,94.199997,94.199997,204
4/12/2017,93.900002,93.900002,93.300003,93.550003,93.550003,288
4/13/2017,91,93.699997,91,93.050003,93.050003,573
4/17/2017,93,93.349998,92.949997,93.199997,93.199997,593
4/18/2017,93.099998,94,92.900002,92.900002,92.900002,1616
4/19/2017,92,93.25,92,92.800003,92.800003,1376
4/20/2017,93.099998,95.099998,92.400002,92.849998,92.849998,373
4/21/2017,93.300003,93.550003,92.5,92.5,92.5,171
4/24/2017,94,94,92.699997,93.699997,93.699997,934
4/25/2017,93.550003,94.849998,93.550003,94.5,94.5,398
4/26/2017,94.550003,95.400002,94.550003,95.099998,95.099998,631
4/27/2017,95,95.300003,94.849998,94.849998,94.849998,142
4/28/2017,95,95,94.400002,94.599998,94.599998,1278
5/2/2017,94.550003,95.330002,94.400002,94.839996,94.839996,449
5/3/2017,96,96,94.800003,94.910004,94.910004,3000
5/4/2017,95,95.360001,94.849998,95.089996,95.089996,593
5/5/2017,95.120003,95.120003,94.099998,94.400002,94.400002,3319
5/8/2017,94,95.099998,94,94.639999,94.639999,481
5/9/2017,94.849998,95.089996,94.690002,94.75,94.75,421
5/10/2017,95.150002,95.720001,95.150002,95.449997,95.449997,1110
5/11/2017,95.650002,96.199997,95.650002,95.690002,95.690002,620
5/12/2017,95.760002,96.150002,95.5,95.699997,95.699997,260
5/15/2017,96,96,95.75,96,96,551
5/16/2017,96.699997,97.010002,96.199997,96.889999,96.889999,674
5/17/2017,96.25,97,96.25,97,97,319
5/18/2017,96.550003,96.699997,95.849998,96.029999,96.029999,1536
5/19/2017,96.93,96.93,95.529999,96,96,1698
5/22/2017,96.150002,96.669998,96,96.010002,96.010002,581
5/23/2017,95.849998,96.010002,95.449997,95.669998,95.669998,1594
5/24/2017,95.510002,96.160004,95.099998,95.139999,95.139999,1323
5/25/2017,95.93,96.650002,95.540001,96.559998,96.559998,589
5/26/2017,97,97.599998,96.949997,97.580002,97.580002,956
5/29/2017,97.199997,98.050003,97.199997,97.589996,97.589996,882
5/30/2017,98,98,97.559998,97.75,97.75,4252
5/31/2017,97.800003,98.279999,97.769997,98.099998,98.099998,1304
6/1/2017,97.800003,98.099998,97.709999,97.769997,97.769997,864
6/2/2017,97.580002,98.239998,97.580002,98.209999,98.209999,872
6/5/2017,98,99.050003,98,98.400002,98.400002,1283
6/6/2017,98.879997,98.879997,98.190002,98.300003,98.300003,423
6/7/2017,98.300003,98.860001,98.139999,98.169998,98.169998,907
6/8/2017,98.699997,98.809998,98.300003,98.389999,98.389999,791
6/9/2017,98.349998,98.550003,97.959999,98.550003,98.550003,521
6/12/2017,98,98.349998,97.849998,97.849998,97.849998,335
6/13/2017,98.449997,98.449997,98,98.019997,98.019997,847
6/14/2017,98.099998,98.370003,97.690002,98.370003,98.370003,12444
6/15/2017,98.309998,98.309998,97.699997,97.940002,97.940002,3994
6/16/2017,97.940002,98.239998,97.68,97.790001,97.790001,498
6/19/2017,97.650002,98.75,97.650002,98.75,98.75,1718
6/20/2017,98.75,98.919998,98.540001,98.769997,98.769997,15500
6/21/2017,99,99,98.199997,98.349998,98.349998,15323
6/22/2017,98.349998,98.919998,98.150002,98.25,98.25,284
6/23/2017,98,98.209999,97.699997,97.800003,97.800003,15396
6/27/2017,97,98,97,97,97,893
6/28/2017,97.120003,97.190002,96.900002,97,97,25194
6/29/2017,97.900002,97.970001,97.199997,97.290001,97.290001,447
6/30/2017,96,97.199997,96,97.199997,97.199997,679
7/3/2017,97.989998,98.470001,97.599998,98.300003,98.300003,1952
7/4/2017,98.300003,98.349998,98.300003,98.349998,98.349998,75
7/5/2017,98.050003,98.599998,98.050003,98.449997,98.449997,314
7/6/2017,98.400002,98.949997,98.400002,98.690002,98.690002,15405
7/7/2017,98.650002,98.790001,98.480003,98.540001,98.540001,444
7/10/2017,98.300003,100,98.25,99.599998,99.599998,2361
7/11/2017,99.599998,100.5,99.599998,99.919998,99.919998,472
7/12/2017,100.5,100.5,99.919998,100.139999,100.139999,15102
7/13/2017,100,101,100,100.75,100.75,41031
7/14/2017,101,101,100.620003,100.839996,100.839996,15522
7/17/2017,100.949997,101.699997,100.900002,101.339996,101.339996,16563
7/18/2017,100,101.199997,100,100.629997,100.629997,589
7/19/2017,100.599998,101.400002,100.599998,101.220001,101.220001,1169
7/20/2017,101.75,101.75,100.900002,101.279999,101.279999,26024
7/21/2017,101.050003,101.699997,101,101.32,101.32,472
7/24/2017,101,102.050003,101,101.949997,101.949997,15663
7/25/2017,101.940002,102.110001,101.790001,101.949997,101.949997,381
7/26/2017,101.849998,102.449997,101.849998,102.220001,102.220001,755
7/27/2017,102.220001,103.620003,102.220001,102.650002,102.650002,737
7/28/2017,101,102.93,101,102.730003,102.730003,2343
7/31/2017,102.650002,103.489998,102.650002,103.07,103.07,810
8/1/2017,103.68,103.68,103.029999,103.470001,103.470001,427
8/2/2017,103,103.599998,103,103.18,103.18,957
8/3/2017,103.699997,103.699997,102.610001,102.690002,102.690002,1625
8/4/2017,102.449997,102.879997,102.239998,102.879997,102.879997,190
8/7/2017,102.800003,103.529999,102.800003,103,103,812
8/8/2017,102.849998,102.849998,102.110001,102.519997,102.519997,498
8/9/2017,101.989998,102,101.25,101.330002,101.330002,857
8/10/2017,101.199997,101.599998,100.190002,100.68,100.68,630
8/11/2017,100.599998,100.599998,99,99.5,99.5,2162
8/14/2017,99.5,100.760002,99.5,100.269997,100.269997,818
8/16/2017,100,101.639999,99.949997,101.099998,101.099998,967
8/17/2017,102,102,101.019997,101.480003,101.480003,726
8/18/2017,101.150002,101.230003,100.199997,100.699997,100.699997,930
8/21/2017,101.550003,101.559998,99.849998,99.860001,99.860001,1285
8/22/2017,100.550003,100.870003,100,100.150002,100.150002,956
8/23/2017,100.300003,100.989998,100.120003,100.629997,100.629997,166
8/24/2017,100.900002,101.370003,100.779999,101.019997,101.019997,1254
8/28/2017,100,101.849998,100,101.440002,101.440002,1191
8/29/2017,101,101.099998,100.309998,100.449997,100.449997,540
8/30/2017,100,101.589996,100,101.160004,101.160004,1006
8/31/2017,101.25,101.5,100.959999,101.349998,101.349998,249
9/1/2017,101.349998,102.300003,101.349998,102.300003,102.300003,1458
9/4/2017,102.199997,102.199997,101,101.480003,101.480003,1098
9/5/2017,102,102.099998,101.43,101.889999,101.889999,552
9/6/2017,101.290001,102,101.239998,101.419998,101.419998,522
9/7/2017,102.099998,102.25,101.540001,101.650002,101.650002,245
9/8/2017,101,102.199997,101,101.650002,101.650002,762
9/11/2017,100,102.849998,100,102.400002,102.400002,16406
9/12/2017,103,103.339996,102.709999,103.300003,103.300003,953
9/13/2017,103,103.900002,103,103.199997,103.199997,1106
9/14/2017,103,103.849998,103,103.309998,103.309998,643
9/15/2017,103.220001,103.5,102.82,103.169998,103.169998,701
9/18/2017,102.25,104.540001,102.25,103.949997,103.949997,1270
9/19/2017,103.949997,104.379997,103.75,103.849998,103.849998,1461
9/20/2017,103,104.5,103,104,104,595
9/21/2017,104,104.199997,103.239998,103.720001,103.720001,366
9/22/2017,102.839996,103.099998,102.150002,102.540001,102.540001,556
9/25/2017,100.550003,102,100.550003,101.459999,101.459999,1147
9/26/2017,101.5,101.5,100.800003,101.400002,101.400002,504
9/27/2017,102,102,100.150002,100.349998,100.349998,3858
9/28/2017,102.5,105,99.519997,100.309998,100.309998,1243
9/29/2017,101.419998,101.440002,100.410004,100.410004,100.410004,467
10/3/2017,101.260002,101.470001,100.709999,100.919998,100.919998,1468
10/4/2017,100.919998,101.989998,100.919998,101.589996,101.589996,958
10/5/2017,101.75,101.75,101.230003,101.260002,101.260002,463
10/6/2017,101,102.5,101,102.349998,102.349998,757
10/9/2017,102.349998,102.690002,102.349998,102.349998,102.349998,1172
10/10/2017,102.550003,103,102.419998,102.57,102.57,829
10/11/2017,103,103.370003,102.150002,102.18,102.18,938
10/12/2017,102,103.239998,102,103.239998,103.239998,786
10/13/2017,104.099998,104.400002,103.900002,104.07,104.07,608
10/16/2017,100,105,98.339996,104.75,104.75,1102
10/17/2017,99.519997,105.290001,99.519997,104.589996,104.589996,544
10/18/2017,104.800003,105,104.25,104.559998,104.559998,509
10/19/2017,105,105,104.150002,104.449997,104.449997,311
10/23/2017,104,104.879997,103.599998,104.019997,104.019997,2243
10/24/2017,104.599998,105,104.400002,104.459999,104.459999,357
10/25/2017,105,105.860001,104.779999,105.449997,105.449997,1858
10/26/2017,105,105.900002,105,105.82,105.82,1256
10/27/2017,105.830002,106.300003,105.529999,105.650002,105.650002,633
10/30/2017,104,106.699997,104,106.089996,106.089996,2096
10/31/2017,105,106.519997,105,106.25,106.25,707
11/1/2017,106,107.400002,106,106.889999,106.889999,1059
11/2/2017,106,107.449997,106,106.900002,106.900002,528
11/3/2017,107.120003,107.120003,106.849998,107.120003,107.120003,1114
11/6/2017,107.199997,107.779999,106.809998,107,107,547
11/7/2017,107,107.82,106.010002,106.010002,106.010002,1916
11/8/2017,106.449997,106.540001,105.699997,105.699997,105.699997,632
11/9/2017,105,106.629997,105,105.550003,105.550003,1163
11/10/2017,105.699997,106,105.300003,105.540001,105.540001,569
11/13/2017,106,106,104.75,104.75,104.75,4159
11/14/2017,105,105.029999,104.470001,104.599998,104.599998,585
11/15/2017,104.5,104.5,103.550003,104,104,734
11/16/2017,103.739998,105.059998,103.739998,104.830002,104.830002,251
11/17/2017,104,106.410004,104,105.900002,105.900002,2776
11/20/2017,105,105.830002,105,105.449997,105.449997,1780
11/21/2017,105.400002,106.5,105.400002,105.949997,105.949997,969
11/22/2017,105.900002,106.25,105.800003,106,106,1161
11/23/2017,106,106.57,105.629997,105.989998,105.989998,621
11/24/2017,105,106.800003,105,106.559998,106.559998,547
11/27/2017,103.68,106.599998,100,106.519997,106.519997,2041
11/28/2017,106.75,106.900002,104,106.190002,106.190002,1506
11/29/2017,105,106.849998,105,106.209999,106.209999,269
11/30/2017,105.870003,105.959999,104.75,104.989998,104.989998,679
12/1/2017,104.949997,105.349998,103.849998,104,104,1659
12/4/2017,104,104.139999,103.82,103.82,103.82,1370
12/5/2017,103.800003,104.650002,103.25,103.699997,103.699997,387
12/6/2017,105,105,103,103,103,1210
12/7/2017,103.900002,104.190002,103.379997,104,104,1501
12/8/2017,104.800003,107,104.660004,105.190002,105.190002,2086
12/11/2017,100,106.150002,100,105.5,105.5,641
12/12/2017,104.900002,105.639999,104.900002,105,105,355
12/13/2017,105,105.809998,104.32,104.339996,104.339996,553
12/14/2017,100,105.190002,100,105.190002,105.190002,819
12/15/2017,105,106.599998,105,106.010002,106.010002,2169
12/18/2017,104.400002,107.279999,104.400002,106.43,106.43,7112
12/19/2017,106.400002,107.510002,106.400002,107.18,107.18,1481
12/20/2017,107.5,107.849998,107,107.220001,107.220001,749
12/21/2017,107.400002,107.449997,106.860001,107.089996,107.089996,367
12/22/2017,107.089996,107.980003,107.089996,107.599998,107.599998,990
12/26/2017,105,108.010002,105,108,108,1445
12/27/2017,107.959999,108.5,107.370003,107.440002,107.440002,954
12/28/2017,107,108,107,107.290001,107.290001,705
12/29/2017,105,108.199997,105,107.839996,107.839996,1282
1/1/2018,105,108.410004,105,107.019997,107.019997,1017
1/2/2018,105,107.790001,105,107.5,107.5,1208
1/3/2018,107.5,107.629997,106.970001,107.029999,107.029999,974
1/4/2018,107.309998,107.75,107.220001,107.650002,107.650002,399
1/5/2018,108,108.550003,107.949997,108.120003,108.120003,408
1/8/2018,108,109.269997,108,108.809998,108.809998,2483
1/9/2018,108.809998,109.349998,108.699997,108.989998,108.989998,1360
1/10/2018,109.400002,109.519997,108.75,109,109,536
1/11/2018,110,110,108.82,109.120003,109.120003,1777
1/12/2018,109,109.900002,108.839996,109.480003,109.480003,1094
1/15/2018,109.699997,110.699997,109.480003,110.150002,110.150002,546
1/16/2018,110.629997,110.660004,109.769997,109.790001,109.790001,703
1/17/2018,109.699997,110.5,109.360001,110.5,110.5,1217
1/18/2018,110,111.800003,110,110.480003,110.480003,1390
1/19/2018,111,111.760002,110.949997,111.720001,111.720001,1936
1/22/2018,111.720001,112.550003,111.629997,112.43,112.43,1197
1/23/2018,112.949997,114,112.599998,113.519997,113.519997,1680
1/24/2018,112.949997,114.059998,112.949997,113.610001,113.610001,1800
1/25/2018,113.540001,114.050003,113.099998,113.5,113.5,1829
1/29/2018,113,114.790001,113,114.07,114.07,1423
1/30/2018,113,114.169998,113,113.239998,113.239998,3155
1/31/2018,112,113.410004,112,113.010002,113.010002,2002
2/1/2018,113,114.290001,110,112.889999,112.889999,9229
2/2/2018,112,112.43,110.25,110.68,110.68,1929
2/5/2018,111.610001,111.610001,108.769997,109.849998,109.849998,1559
2/6/2018,106.5,108.57,105.949997,108.290001,108.290001,7910
2/7/2018,109.050003,109.050003,107.5,107.639999,107.639999,939
2/8/2018,108.839996,109.160004,108.300003,108.849998,108.849998,911
2/9/2018,107.370003,107.739998,106.910004,107.330002,107.330002,367
2/12/2018,107.330002,109.75,107.330002,108.589996,108.589996,76010
2/14/2018,108,108.599998,107.650002,107.769997,107.769997,1561
2/15/2018,108.900002,109,108.150002,108.510002,108.510002,1289
2/16/2018,108.889999,108.889999,107.260002,107.260002,107.260002,1392
2/19/2018,107.449997,107.900002,105.93,106.910004,106.910004,2519
2/20/2018,107.279999,107.279999,106.300003,106.379997,106.379997,957
2/21/2018,106.379997,106.970001,106.300003,106.699997,106.699997,2612
2/22/2018,106.699997,106.709999,106.129997,106.610001,106.610001,2474
2/23/2018,107.389999,108.139999,106.900002,108.139999,108.139999,560
2/26/2018,108,109,108,108.629997,108.629997,1205
2/27/2018,109,109,108.25,108.32,108.32,1079
2/28/2018,103.349998,108.300003,103.349998,107.800003,107.800003,1645
3/1/2018,108.199997,108.25,107.379997,107.379997,107.379997,714
3/5/2018,106.860001,107,106.360001,106.790001,106.790001,1019
3/6/2018,105.610001,107.519997,105.610001,106,106,1090
3/7/2018,106,106,104.459999,104.489998,104.489998,1376
3/8/2018,104.800003,105.550003,104.309998,105.269997,105.269997,1258
3/9/2018,105.900002,105.959999,105.089996,105.089996,105.089996,931
3/12/2018,105,107.010002,105,106.940002,106.940002,1150
3/13/2018,105,107.800003,105,107,107,947
3/14/2018,107,107.010002,106.190002,106.970001,106.970001,742
3/15/2018,106.949997,107.160004,106.489998,106.519997,106.519997,4191
3/16/2018,106.309998,106.309998,104.75,105.209999,105.209999,1138
3/19/2018,105,105,103.730003,104.220001,104.220001,2211
3/20/2018,103.800003,104.599998,103.800003,104.279999,104.279999,841
3/21/2018,103,105.360001,103,104.809998,104.809998,10996
3/22/2018,104,105,104,104.110001,104.110001,1871
3/23/2018,103,103.279999,102.599998,103,103,1152
3/26/2018,103,104.529999,102.599998,104.339996,104.339996,1287
3/27/2018,104.339996,105.199997,100,104.730003,104.730003,839
3/28/2018,104,104.639999,104,104.07,104.07,535
4/2/2018,103.5,105.5,102.599998,105.099998,105.099998,1156
4/3/2018,105.440002,105.5,104.660004,105.370003,105.370003,1428
4/4/2018,105.370003,105.910004,104.169998,104.190002,104.190002,457
4/5/2018,104,106.169998,104,106.099998,106.099998,1009
4/6/2018,106.099998,106.470001,105.919998,106.330002,106.330002,818
4/9/2018,106,107.269997,106,106.900002,106.900002,766
4/10/2018,107,107.550003,106.879997,107,107,1577
4/11/2018,107,107.139999,106.599998,107.139999,107.139999,691
4/12/2018,107,107.68,107,107.540001,107.540001,385
4/13/2018,105.550003,108.349998,105,107.949997,107.949997,15204
4/16/2018,107,108.300003,107,108.300003,108.300003,1643
4/17/2018,108.330002,108.849998,108.150002,108.589996,108.589996,569
4/18/2018,108.589996,108.970001,108.209999,108.209999,108.209999,1183
4/19/2018,108,109,108,108.550003,108.550003,4304
4/20/2018,108,108.849998,108,108.699997,108.699997,1147
4/23/2018,108,109.449997,108,108.870003,108.870003,25008
4/24/2018,108,109.370003,108,109.129997,109.129997,11978
4/25/2018,109,109.32,108.470001,108.709999,108.709999,1769
4/26/2018,108,109.290001,108,109.07,109.07,831
4/27/2018,109.5,110.459999,109.5,109.919998,109.919998,1017
4/30/2018,110,110.800003,110,110.43,110.43,1237
5/2/2018,110,114,110,110.209999,110.209999,2194
5/3/2018,112,114,109.639999,110.040001,110.040001,888
5/4/2018,109.669998,109.769997,109.07,109.190002,109.190002,1207
5/7/2018,109.949997,110.110001,109.519997,110.110001,110.110001,922
5/8/2018,110.110001,110.830002,110.110001,110.139999,110.139999,651
5/9/2018,110,111.029999,110,110.459999,110.459999,2330
5/10/2018,110,111.099998,110,110.230003,110.230003,864
5/11/2018,100,111.550003,100,111.160004,111.160004,1960
5/14/2018,110,111.82,110,111.110001,111.110001,1281
5/15/2018,111.82,112.779999,111,111.120003,111.120003,2448
5/16/2018,111,111,108,110.519997,110.519997,1508
5/17/2018,108,111,108,109.730003,109.730003,1508
5/18/2018,109.57,109.940002,109,109.389999,109.389999,7530
5/21/2018,108,109.410004,105.599998,108.209999,108.209999,2351
5/22/2018,108.209999,108.989998,108.110001,108.410004,108.410004,528
5/23/2018,108.370003,108.440002,107.199997,107.370003,107.370003,619
5/24/2018,107,108.169998,107,108.169998,108.169998,1126
5/25/2018,106,109.239998,106,109.029999,109.029999,630
5/28/2018,105,110.269997,105,110.190002,110.190002,1493
5/29/2018,110,110.5,109.550003,109.550003,109.550003,1079
5/30/2018,109.5,109.5,108.919998,109.309998,109.309998,953
5/31/2018,109.839996,111,109.349998,110.599998,110.599998,1265
6/1/2018,110,111,110,110.470001,110.470001,633
6/4/2018,110.599998,110.599998,109.57,109.919998,109.919998,1635
6/5/2018,109.449997,109.690002,108.959999,109.300003,109.300003,579
6/6/2018,109.239998,110.589996,109.239998,110.110001,110.110001,2467
6/7/2018,110,111.449997,110,111.029999,111.029999,1266
6/8/2018,110.599998,111.449997,110.5,111,111,1563
6/11/2018,100,112,100,111.279999,111.279999,1000
6/12/2018,110.550003,112,110.550003,111.919998,111.919998,1021
6/13/2018,112,112.5,111.760002,111.919998,111.919998,489
6/14/2018,111.519997,111.949997,111.129997,111.279999,111.279999,609
6/15/2018,111.620003,112.160004,111.059998,111.709999,111.709999,491
6/18/2018,100,111.959999,100,111.419998,111.419998,820
6/19/2018,111.370003,111.470001,110.599998,110.970001,110.970001,2377
6/20/2018,110.970001,111.489998,110.709999,111.160004,111.160004,1664
6/21/2018,111.139999,111.650002,110.400002,110.779999,110.779999,701
6/22/2018,111,111.5,110.699997,111.5,111.5,1332
6/25/2018,111,112.150002,111,111.040001,111.040001,1217
6/26/2018,111,111.610001,111,111.099998,111.099998,1102
6/27/2018,111,111.5,110.150002,110.220001,110.220001,1088
6/28/2018,110.400002,110.5,109.199997,109.410004,109.410004,803
6/29/2018,109.489998,110.68,109.489998,110.650002,110.650002,761
7/2/2018,110,110.519997,109.620003,110.089996,110.089996,633
7/3/2018,110.75,114,109.550003,110.5,110.5,1117
7/4/2018,110.379997,111.25,110.379997,111.25,111.25,513
7/5/2018,111,111.620003,110.910004,111.050003,111.050003,1750
7/6/2018,111.5,112.099998,110,111.220001,111.220001,1077
7/9/2018,111,114.050003,111,111.760002,111.760002,2021
7/10/2018,111.550003,113.5,111.550003,113.190002,113.190002,1534
7/11/2018,113.419998,113.540001,112,113.510002,113.510002,765
7/12/2018,112.550003,114.620003,110.099998,112.18,112.18,1854
7/13/2018,113.900002,114.5,113.730003,113.779999,113.779999,1114
7/16/2018,113,113.900002,113,113.620003,113.620003,1994
7/17/2018,113.75,113.800003,113.18,113.790001,113.790001,858
7/18/2018,113,114.449997,113,113.529999,113.529999,833
7/19/2018,113,113.790001,113,113.489998,113.489998,1503
7/20/2018,114,114.099998,113.650002,114.010002,114.010002,613
7/23/2018,114,115,114,114.690002,114.690002,809
7/24/2018,115,115.699997,114.860001,115.18,115.18,834
7/25/2018,114.550003,115.75,114.550003,115.019997,115.019997,1348
7/26/2018,115.300003,116.080002,115.089996,115.629997,115.629997,762
7/27/2018,114.550003,117.160004,114.550003,116.870003,116.870003,978
7/30/2018,116,117.370003,116,117.150002,117.150002,1173
7/31/2018,117,117.550003,116.75,117.419998,117.419998,3088
8/1/2018,117.669998,117.900002,117.309998,117.580002,117.580002,1892
8/2/2018,117,117,116.43,116.43,116.43,777
8/3/2018,116.349998,117.809998,116.349998,117.589996,117.589996,2629
8/6/2018,117.5,118.419998,117.5,117.860001,117.860001,1408
8/7/2018,118.099998,118.400002,117.629997,117.959999,117.959999,809
8/8/2018,118,118.699997,117.790001,118.510002,118.510002,509
8/9/2018,118,119,118,118.660004,118.660004,712
8/10/2018,118,118.660004,118,118.199997,118.199997,500
8/13/2018,118,118.5,117.480003,117.57,117.57,2225
8/14/2018,117,118.580002,117,118.5,118.5,936
8/16/2018,118,118.900002,117.910004,118.260002,118.260002,760
8/17/2018,118,119,118,118.769997,118.769997,1092
8/20/2018,118,119.989998,118,119.620003,119.620003,2107
8/21/2018,119.5,120.349998,119.5,120.230003,120.230003,3698
8/23/2018,119,120.220001,119,120,120,859
8/24/2018,120,120.540001,119.610001,119.610001,119.610001,808
8/27/2018,119.599998,121.389999,119.599998,121.129997,121.129997,1605
8/28/2018,121.919998,122,121.43,122,122,574
8/29/2018,121.699997,122,121.150002,121.5,121.5,3518
8/30/2018,121,121.25,120.769997,121.050003,121.050003,1803
8/31/2018,121,121.870003,120.68,120.980003,120.980003,1592
9/3/2018,122.449997,122.449997,119.5,119.760002,119.760002,808
9/4/2018,119.760002,120.489998,119.360001,119.410004,119.410004,1319
9/5/2018,119,119.800003,118.18,119.080002,119.080002,2059
9/6/2018,119.690002,120,118.660004,119.559998,119.559998,489
9/7/2018,119.93,120.540001,119.510002,120.230003,120.230003,719
9/10/2018,119.760002,119.760002,118.540001,118.769997,118.769997,1383
9/11/2018,118,119.07,116.989998,117.190002,117.190002,1412
9/12/2018,117,118.330002,116.709999,118.07,118.07,1113
9/14/2018,117.970001,119.510002,117.970001,119.459999,119.459999,1109
9/17/2018,119.5,119.5,118.199997,118.300003,118.300003,754
9/18/2018,118.190002,118.470001,117,117.07,117.07,420
9/19/2018,117,117.68,116.309998,116.580002,116.580002,761
9/21/2018,116,117.989998,114.239998,115.709999,115.709999,2371
9/24/2018,115,115.690002,113.370003,113.839996,113.839996,3001
9/25/2018,113.410004,115.209999,113.019997,114.910004,114.910004,1633
9/26/2018,115.419998,115.419998,114.110001,114.610001,114.610001,635
9/27/2018,115.050003,115.050003,113.860001,114.010002,114.010002,11757
9/28/2018,114,114.769997,112.099998,113.620003,113.620003,653
10/1/2018,114,114.080002,110.550003,113.959999,113.959999,959
10/3/2018,113,114.220001,112.510002,112.93,112.93,1114
10/4/2018,113,113,109.669998,109.699997,109.699997,4372
10/5/2018,109,109.519997,106.980003,107.849998,107.849998,2324
10/8/2018,107,107.839996,106,107.129997,107.129997,1571
10/9/2018,107,107.849998,106.589996,107.239998,107.239998,1856
10/10/2018,105.550003,108.910004,105.550003,108.730003,108.730003,1438
10/11/2018,106.220001,107.370003,105.690002,106.510002,106.510002,2437
10/12/2018,105,109,105,108.720001,108.720001,1295
10/15/2018,106.25,109.040001,106.25,109.019997,109.019997,5606
10/16/2018,109.959999,110.07,109.589996,109.699997,109.699997,402
10/17/2018,110,110.559998,108.639999,109.120003,109.120003,1777
10/19/2018,108,108,106.400002,106.839996,106.839996,1006
10/22/2018,107,108,105,106.440002,106.440002,2604
10/23/2018,105.940002,106.199997,105,105.239998,105.239998,1744
10/24/2018,107,107,105.029999,106.059998,106.059998,811
10/25/2018,106,106,104.690002,105.099998,105.099998,1574
10/26/2018,105,105.269997,104.010002,104.290001,104.290001,1891
10/29/2018,104,105.870003,104,105.870003,105.870003,1147
10/30/2018,106.5,107.099998,105.769997,106.019997,106.019997,587
10/31/2018,106.019997,107.800003,105.300003,107.709999,107.709999,516
11/1/2018,107.75,108.379997,107.400002,107.870003,107.870003,970
11/2/2018,107,110.059998,107,109.839996,109.839996,2636
11/5/2018,108.5,109.699997,108.5,109.059998,109.059998,638
11/6/2018,109.459999,110.18,109.040001,109.279999,109.279999,697
11/7/2018,110,110,110,110,110,353
11/9/2018,110,110.419998,109.580002,109.910004,109.910004,665
11/12/2018,109,110.550003,109,109.07,109.07,1600
11/13/2018,109,110,108.559998,109.860001,109.860001,1448
11/14/2018,109.860001,110.589996,109.389999,109.639999,109.639999,996
11/15/2018,108.25,110.599998,108.25,110.290001,110.290001,3437
11/16/2018,111,111.080002,110.699997,110.760002,110.760002,1960
11/19/2018,110,111.75,109,111.739998,111.739998,5142
11/20/2018,111.550003,111.800003,110.5,110.620003,110.620003,868
11/21/2018,110,110.919998,109.720001,110.209999,110.209999,2230
11/22/2018,110.099998,110.779999,109.169998,109.510002,109.510002,1492
11/26/2018,109.300003,110.309998,108.970001,110.269997,110.269997,3765
11/27/2018,110.269997,111.139999,110.040001,110.839996,110.839996,806
11/28/2018,110,112,110,111.349998,111.349998,895
11/29/2018,111,113,111,112.660004,112.660004,1451
11/30/2018,112,113.650002,112,112.940002,112.940002,1070
12/3/2018,112.900002,113.75,112.550003,113,113,1027
12/4/2018,113.150002,113.150002,112.449997,112.779999,112.779999,721
12/5/2018,112.080002,112.410004,111.93,112,112,1167
12/6/2018,111.25,111.349998,109.949997,110.019997,110.019997,1153
12/7/2018,110,111.029999,110,110.989998,110.989998,4845
12/10/2018,108.349998,110,107.550003,108.93,108.93,1907
12/11/2018,108.010002,110,107.330002,109.349998,109.349998,1770
12/12/2018,108.550003,111.550003,108.550003,111.43,111.43,3796
12/13/2018,111,112.589996,111,112.019997,112.019997,2222
12/14/2018,111,112.599998,111,112.099998,112.099998,1750
12/17/2018,111,113.419998,111,113.209999,113.209999,3148
12/18/2018,113,113.410004,112.330002,113.290001,113.290001,2833
12/19/2018,113,114,113,113.830002,113.830002,3969
12/20/2018,113,114.160004,112,113.839996,113.839996,6639
12/21/2018,112.550003,113.739998,111.489998,111.580002,111.580002,5099
12/24/2018,110,111.860001,110,110.790001,110.790001,4053
12/26/2018,110,111.720001,109.599998,111.419998,111.419998,5057
12/27/2018,110.550003,112.699997,110.550003,111.889999,111.889999,3120
12/28/2018,111.5,113.330002,111.5,112.82,112.82,5334
12/31/2018,112,113.330002,111.779999,113.18,113.18,6731
1/1/2019,112,113.400002,112,113.309998,113.309998,6590
1/2/2019,112.82,113.129997,111.669998,112.160004,112.160004,2544
1/3/2019,111,112.400002,111,111,111,3318
1/4/2019,109,111.779999,109,111.360001,111.360001,2875
1/7/2019,111,112.889999,111,111.839996,111.839996,5020
1/8/2019,111,112.419998,111,112.150002,112.150002,2391
1/9/2019,112,113.139999,111.75,112.790001,112.790001,2835
1/10/2019,112.25,112.790001,112.18,112.400002,112.400002,3057
1/11/2019,111.75,112.699997,111.57,112.5,112.5,10132
1/14/2019,111,111.839996,111,111.480003,111.480003,1867
1/15/2019,111,113.449997,111,113.059998,113.059998,4539
1/16/2019,114,114,113,113.080002,113.080002,2051
1/17/2019,113,113.800003,112.709999,113.309998,113.309998,2090
1/18/2019,112.75,114.5,112.75,113.660004,113.660004,13636
1/21/2019,112.25,114.5,112.25,113.800003,113.800003,4731
1/22/2019,112.550003,113.809998,112.550003,113.5,113.5,3913
1/23/2019,112.550003,113.639999,112.389999,112.57,112.57,2883
1/24/2019,112.57,113.190002,112.190002,112.739998,112.739998,2208
1/25/2019,112.25,113.599998,111.879997,112.080002,112.080002,2529
1/28/2019,112,112.18,110.580002,110.720001,110.720001,4122
1/29/2019,110,111.18,110,110.699997,110.699997,2064
1/30/2019,110,111.480003,110,110.769997,110.769997,1796
1/31/2019,110.050003,114,110.050003,112.599998,112.599998,1929
2/1/2019,112.050003,114.129997,112.050003,113.260002,113.260002,4016
2/4/2019,112.25,113.559998,112.25,113.339996,113.339996,5045
2/5/2019,112.550003,114,112.550003,113.599998,113.599998,5102
2/6/2019,113.010002,115,113.010002,114.959999,114.959999,6294
2/7/2019,114,115.559998,112.550003,115.32,115.32,12306
2/8/2019,113.550003,114.800003,113.550003,113.669998,113.669998,5205
2/11/2019,112.75,113.510002,112.75,113.199997,113.199997,4089
2/12/2019,112.550003,113.589996,112.550003,112.629997,112.629997,3959
2/14/2019,111.25,112.459999,111.25,111.980003,111.980003,3559
2/15/2019,110,112,110,111.580002,111.580002,3527
2/18/2019,111.050003,112,110.57,110.660004,110.660004,3602
2/19/2019,110.25,111.839996,110.129997,110.25,110.25,4209
2/20/2019,109.550003,111.989998,109.550003,111.709999,111.709999,5761
2/21/2019,111,112.82,111,112.199997,112.199997,4249
2/22/2019,111.550003,112.650002,111.550003,112.290001,112.290001,3883
2/25/2019,111.25,113.459999,111,113.279999,113.279999,8592
2/26/2019,112,113.639999,111.720001,112.669998,112.669998,3126
2/27/2019,112.269997,114,111.870003,112.43,112.43,80637
2/28/2019,112,113.110001,111.75,112.68,112.68,6914
3/1/2019,112.699997,113.43,112.639999,113.089996,113.089996,4681
3/5/2019,110,114.330002,110,114.269997,114.269997,8736
3/6/2019,113.75,115.300003,113.75,114.989998,114.989998,7195
3/7/2019,114.559998,115.5,114.559998,115.019997,115.019997,5503
3/8/2019,114,115,114,114.779999,114.779999,3605
3/11/2019,110,116.330002,110,116.18,116.18,8576
3/12/2019,115.699997,117.940002,115.699997,117.580002,117.580002,6528
3/13/2019,117.050003,118.459999,117.050003,118,118,8884
3/14/2019,117.300003,118.459999,117.300003,118.25,118.25,6450
3/15/2019,117.550003,119.519997,117.550003,118.940002,118.940002,9290
3/18/2019,118.550003,120,118.550003,119.279999,119.279999,11625
3/19/2019,118.75,120.120003,118.75,120.019997,120.019997,6894
3/20/2019,119.300003,120.400002,119.300003,119.900002,119.900002,5005
3/22/2019,119.25,120.5,119.129997,119.300003,119.300003,5436
3/25/2019,118,119.269997,117.860001,118.279999,118.279999,7961
3/26/2019,117.25,119.660004,117.25,119.540001,119.540001,8686
3/27/2019,119,120.25,118.940002,119.160004,119.160004,5769
3/28/2019,119,120.5,119,120.440002,120.440002,5242
4/1/2019,120.550003,122.099998,120.550003,121.339996,121.339996,4916
4/2/2019,121.099998,122.239998,121.099998,121.849998,121.849998,5081
4/3/2019,121,122.400002,121,121.25,121.25,8506
4/4/2019,120.75,121.709999,120.360001,120.699997,120.699997,6008
4/5/2019,120.720001,121.629997,120.099998,121.410004,121.410004,4449
4/8/2019,121.099998,122,119,120.849998,120.849998,9693
4/9/2019,120.25,121.620003,120.25,121.419998,121.419998,5131
4/10/2019,121,121.650002,120.5,120.599998,120.599998,5883
4/11/2019,120,121,119.349998,119.790001,119.790001,4728
4/12/2019,118.550003,121.660004,118.550003,121.25,121.25,4668
4/15/2019,120.25,122,120.25,121.660004,121.660004,5470
4/16/2019,121.660004,123,121,122.690002,122.690002,7950
4/18/2019,122,123.080002,122,122.650002,122.650002,8047
4/22/2019,121.75,122.5,120.610001,120.639999,120.639999,8121
4/23/2019,120,121.559998,120,120.470001,120.470001,6321
4/24/2019,119.25,122.169998,119.25,122.07,122.07,7566
4/25/2019,121.050003,122.690002,120.970001,121.959999,121.959999,5922
4/26/2019,120.75,122.800003,120.75,122.129997,122.129997,5976
4/30/2019,121.25,122.099998,119,121.879997,121.879997,11798
5/2/2019,121,122.879997,121,122.029999,122.029999,6063
5/3/2019,120.75,122.760002,120.75,122.269997,122.269997,2768
5/6/2019,120,121.43,120,120.709999,120.709999,5708
5/7/2019,120,123,119.910004,120.760002,120.760002,20275
5/8/2019,120,120,118.199997,118.739998,118.739998,19870
5/9/2019,117.25,118.699997,117.25,117.709999,117.709999,13744
5/10/2019,116.75,118.419998,116.75,117.699997,117.699997,4010
5/13/2019,117,117.940002,116.07,116.610001,116.610001,19577
5/14/2019,116,117.459999,115.760002,117.029999,117.029999,64099
5/15/2019,116,117.779999,116,117.019997,117.019997,64191
5/16/2019,116.050003,118.040001,116.050003,117.379997,117.379997,52115
5/17/2019,116.25,119.010002,116.25,118.730003,118.730003,4246
5/20/2019,118.730003,123.220001,115,123.019997,123.019997,12579
5/21/2019,122.839996,123.870003,118,118.599998,118.599998,5581
5/22/2019,122,123,118.550003,122.459999,122.459999,5040
5/23/2019,122.459999,125.449997,115,121.589996,121.589996,11066
5/24/2019,121.050003,123.599998,120.580002,123.349998,123.349998,5597
5/27/2019,122.300003,124.919998,122.300003,124.190002,124.190002,23117
5/28/2019,123,124.739998,123,124.349998,124.349998,5609
5/29/2019,123.25,124.620003,123.25,123.639999,123.639999,5233
5/30/2019,122.550003,124.720001,122.550003,124.529999,124.529999,6226
5/31/2019,123.550003,125.809998,123.550003,124.209999,124.209999,8065
6/3/2019,123.550003,126.239998,123.550003,126.019997,126.019997,9222
6/4/2019,124.75,126.059998,124.75,125.489998,125.489998,6087
6/6/2019,124,125.449997,123.389999,123.879997,123.879997,5286
6/7/2019,122.550003,124.43,122.550003,123.82,123.82,3609
6/10/2019,125,125.279999,122.75,124.25,124.25,9899
6/11/2019,123.25,125.309998,123.25,125.010002,125.010002,5961
6/12/2019,123.75,124.910004,123.75,124.120003,124.120003,4189
6/13/2019,123.25,124.650002,123.239998,124.220001,124.220001,2281
6/14/2019,123.900002,124.309998,123.18,123.57,123.57,7483
6/17/2019,122.5,123.230003,122.110001,122.349998,122.349998,8878
6/18/2019,121,122.660004,121,122.32,122.32,6425
6/19/2019,121.25,123.339996,121.25,122.190002,122.190002,6425
6/20/2019,121,123.989998,121,123.410004,123.410004,9992
6/21/2019,123,123.410004,122,122.489998,122.489998,3621
6/24/2019,121.75,122.900002,121.75,122.25,122.25,5726
6/25/2019,121.349998,123.769997,121.349998,123.339996,123.339996,4052
6/26/2019,123.199997,124.300003,123.18,123.839996,123.839996,8148
6/27/2019,122.75,124.699997,122.75,123.879997,123.879997,4752
6/28/2019,122.550003,139.520004,122.550003,123.650002,123.650002,31520
7/1/2019,123.25,124.57,123.25,124.120003,124.120003,4681
7/2/2019,123.480003,124.5,123.480003,124.370003,124.370003,3103
7/3/2019,123.75,124.919998,123.75,124.349998,124.349998,5321
7/4/2019,123.550003,125.269997,123.550003,124.970001,124.970001,3409
7/5/2019,125,125.540001,123.459999,123.540001,123.540001,2931
7/8/2019,122.43,123,120,121.07,121.07,4683
7/9/2019,120.949997,124,120.330002,121.080002,121.080002,3888
7/10/2019,120,121.400002,120,120.510002,120.510002,5145
7/11/2019,120,121.720001,120,121.279999,121.279999,4576
7/12/2019,120.099998,121.870003,120.099998,121.099998,121.099998,3236
7/15/2019,121,122.589996,120.699997,121.290001,121.290001,3711
7/16/2019,120.699997,122.489998,120.699997,122.279999,122.279999,6056
7/17/2019,121,122.809998,121,122.43,122.43,2718
7/18/2019,121.959999,122.440002,121.449997,121.839996,121.839996,3611
7/19/2019,121.25,121.870003,119.900002,119.959999,119.959999,4958
7/22/2019,118.959999,119.889999,118.690002,119.18,119.18,4723
7/23/2019,118.779999,120,117,118.230003,118.230003,4547
7/24/2019,118.519997,119.279999,117.980003,118.419998,118.419998,3092
7/25/2019,117.25,119.339996,117.25,118.029999,118.029999,2764
7/26/2019,118.029999,120.5,117.900002,118.389999,118.389999,2765
7/29/2019,117.860001,119,117.389999,117.610001,117.610001,3331
7/30/2019,116.900002,118.410004,116.230003,116.879997,116.879997,3497
7/31/2019,115,117.190002,115,116.68,116.68,3598
8/1/2019,116.370003,116.529999,114.830002,115.400002,115.400002,2915
8/2/2019,115.690002,116.639999,114.279999,116.019997,116.019997,3131
8/5/2019,115.699997,115.699997,113.5,114.18,114.18,3150
8/6/2019,114,115.900002,114,115.199997,115.199997,1634
8/7/2019,115.300003,115.410004,114,114.279999,114.279999,1685
8/8/2019,114,116.510002,113.5,116.139999,116.139999,2261
8/9/2019,116,117.559998,116,116.790001,116.790001,2414
8/13/2019,115.650002,116.870003,114.940002,115.139999,115.139999,2538
8/14/2019,115.099998,116.669998,115.089996,115.879997,115.879997,931
8/16/2019,115.879997,116.610001,114.830002,116.25,116.25,3069
8/19/2019,115.25,117.25,115.25,116.339996,116.339996,3623
8/20/2019,116,116.32,115.330002,115.849998,115.849998,2198
8/21/2019,115,116.040001,114.720001,114.900002,114.900002,1507
8/22/2019,114.900002,114.900002,112.940002,113.190002,113.190002,8331
8/23/2019,112.5,114.360001,111.949997,114.269997,114.269997,29664
8/26/2019,115,117,113.540001,116.190002,116.190002,2881
8/27/2019,116.25,117.18,116.25,116.720001,116.720001,2750
8/28/2019,116.82,117,115.580002,116.279999,116.279999,27346
8/29/2019,116,116,115.040001,115.349998,115.349998,2337
8/30/2019,115,116.389999,114.309998,116.330002,116.330002,19091
9/3/2019,115.43,115.43,113.540001,113.949997,113.949997,17470
9/4/2019,112.550003,114.260002,112.550003,113.910004,113.910004,5818
9/5/2019,113,114.889999,113,114.169998,114.169998,1775
9/6/2019,113,115.07,113,115.019997,115.019997,2356
9/9/2019,113.550003,116.169998,113.550003,115.669998,115.669998,3889
9/11/2019,114,117,114,116.019997,116.019997,6029
9/12/2019,116.5,116.660004,115.43,115.650002,115.650002,1360
9/13/2019,115.550003,116.699997,115.230003,116.360001,116.360001,2246
9/16/2019,115,116.370003,115,115.730003,115.730003,3478
9/17/2019,115.050003,115.650002,113.830002,113.980003,113.980003,18088
9/18/2019,113.980003,114.480003,113.82,114,114,1956
9/19/2019,112.75,113.900002,112.5,112.730003,112.730003,8253
9/20/2019,112.730003,119.080002,112.410004,118.410004,118.410004,60165
9/23/2019,118.480003,125.5,116,122.32,122.32,91776
9/24/2019,122.940002,123.099998,121.25,122,122,15543
9/25/2019,121,122,120.010002,120.129997,120.129997,3414
9/26/2019,120,121.830002,120,121.25,121.25,5063
9/27/2019,120,121.980003,120,120.730003,120.730003,2599
9/30/2019,120,121.059998,119.940002,120.919998,120.919998,3926
10/1/2019,120,121.599998,116,119.620003,119.620003,6790
10/3/2019,119,122,118.629997,118.989998,118.989998,2082
10/4/2019,118,120,117,117.989998,117.989998,8076
10/7/2019,117,118.260002,116,116.870003,116.870003,2701
10/9/2019,116.699997,119.089996,116.699997,118.830002,118.830002,941
10/10/2019,118.800003,119,118,118.220001,118.220001,4273
10/11/2019,118.220001,119.610001,117.800003,118.540001,118.540001,1909
10/14/2019,117.419998,120.089996,117.330002,119.040001,119.040001,2580
10/15/2019,118.110001,120.610001,118.110001,120.150002,120.150002,2446
10/16/2019,118,124.5,116,120.260002,120.260002,7145
10/17/2019,120,121.720001,120,121.550003,121.550003,3463
10/18/2019,119,124.5,119,122.379997,122.379997,4686
10/22/2019,121,123.07,121,121.779999,121.779999,3825
10/23/2019,121,122.919998,121,121.910004,121.910004,2371
10/24/2019,122.32,122.5,121.410004,121.739998,121.739998,937
10/25/2019,122,122.220001,120.900002,121.889999,121.889999,2556
10/27/2019,null,null,null,null,null,null
10/29/2019,122,124.5,122,124.239998,124.239998,2613
10/30/2019,123.099998,124.989998,123.099998,124.669998,124.669998,3970
10/31/2019,124,125.940002,124,124.849998,124.849998,4019
11/1/2019,124,125.5,124,125.260002,125.260002,2606
11/4/2019,125.389999,126.099998,125,125.550003,125.550003,2009
11/5/2019,124.75,129,122.510002,125.18,125.18,3988
11/6/2019,124.25,126.379997,123.300003,125.839996,125.839996,2429
11/7/2019,125,126.5,125,126.309998,126.309998,3927
11/8/2019,126,126.43,123.800003,125.459999,125.459999,3042
11/11/2019,124.550003,125.5,123.849998,125.360001,125.360001,3698
11/13/2019,124.349998,125.540001,124.300003,124.379997,124.379997,5680
11/14/2019,124,125.190002,124,124.660004,124.660004,2545
11/15/2019,124,125.839996,123.300003,125.260002,125.260002,3197
11/18/2019,124.25,125.730003,124.25,125.330002,125.330002,2242
11/19/2019,125.330002,125.93,125.040001,125.360001,125.360001,2038
11/20/2019,125.25,126.940002,125.25,126.190002,126.190002,2241
11/21/2019,125.550003,126.25,125.550003,125.690002,125.690002,1742
11/22/2019,125.690002,125.989998,125,125.129997,125.129997,1759
11/25/2019,125.190002,127.709999,125.190002,127.279999,127.279999,2416
11/26/2019,127,127.879997,126.5,126.699997,126.699997,2648
11/27/2019,126.5,127.849998,126.5,127.470001,127.470001,2140
11/28/2019,126.75,128.369995,126.75,127.980003,127.980003,4289
11/29/2019,127.5,127.730003,126.620003,126.93,126.93,1832
12/2/2019,127.019997,127.709999,126.470001,126.910004,126.910004,3059
12/3/2019,126,126.68,125.720001,126.139999,126.139999,1715
12/4/2019,126,126.669998,125.510002,126.470001,126.470001,3882
12/5/2019,126.449997,127.220001,126.239998,126.410004,126.410004,2242
12/6/2019,126,126.779999,125.230003,125.550003,125.550003,1726
12/9/2019,124,126.110001,123,125.339996,125.339996,3340
12/10/2019,124.800003,125.519997,124.760002,125.209999,125.209999,2938
12/11/2019,125,125.720001,124.550003,125.07,125.07,2208
12/12/2019,125.550003,126.43,125.550003,126.050003,126.050003,1064
12/13/2019,125,127.57,125,127.110001,127.110001,1427
12/16/2019,127.040001,127.82,126.790001,127.25,127.25,2689
12/17/2019,126.82,128.210007,126.82,127.870003,127.870003,2246
12/18/2019,127.25,128.860001,127.25,128.470001,128.470001,6288
12/19/2019,127.75,129.270004,127.75,128.630005,128.630005,1818
12/20/2019,129,129.710007,128.740005,129.270004,129.270004,6119
12/23/2019,128.25,129.660004,128.25,128.960007,128.960007,2429
12/24/2019,128,129.550003,128,129,129,3895
12/26/2019,128.5,128.820007,127.639999,127.75,127.75,1683
12/27/2019,127.360001,129.5,127.360001,128.889999,128.889999,1385
12/30/2019,129,129.300003,128.429993,129.190002,129.190002,2128
12/31/2019,128.580002,129.190002,128.580002,128.600006,128.600006,3244
1/1/2020,128.600006,128.979996,128.25,128.419998,128.419998,1840
1/2/2020,128.259995,129.809998,128.259995,129.119995,129.119995,1197
1/3/2020,128.580002,129.399994,128.389999,128.529999,128.529999,2759
1/6/2020,128,128.5,126.110001,126.400002,126.400002,3700
1/7/2020,126.300003,127.720001,126.300003,126.830002,126.830002,4110
1/8/2020,125.93,127,125.93,126.730003,126.730003,2414
1/9/2020,127,129,127,128.580002,128.580002,1430
1/10/2020,128.75,130,128.460007,129,129,7632
1/13/2020,128.5,130.179993,128.5,130.029999,130.029999,3460
1/14/2020,129.550003,130.369995,129.529999,130.020004,130.020004,2515
1/15/2020,129.630005,133,129.479996,130.210007,130.210007,1121
1/16/2020,129.75,130.580002,129.550003,129.850006,129.850006,1848
1/17/2020,129.339996,130.5,129.339996,130.160004,130.160004,1993
1/20/2020,129.75,130.119995,128.910004,129.050003,129.050003,1658
1/21/2020,128.100006,129,128.100006,128.339996,128.339996,1613
1/22/2020,128,128.610001,127.5,127.660004,127.660004,2893
1/23/2020,127.25,128.679993,127.25,128.300003,128.300003,1218
1/24/2020,128.300003,129.270004,128.100006,129.050003,129.050003,2290
1/27/2020,127.709999,128.919998,126.800003,127.57,127.57,1785
1/28/2020,127.25,129.149994,127.07,127.089996,127.089996,2261
1/29/2020,126.260002,128.479996,126.260002,128.160004,128.160004,2629
1/30/2020,127.279999,127.589996,124.800003,126.07,126.07,1771
1/31/2020,126.25,127.540001,125.300003,126.449997,126.449997,152295
2/3/2020,122,124.360001,122,123.790001,123.790001,2442
2/4/2020,123.790001,126.339996,123.790001,125.940002,125.940002,1904
2/5/2020,125.800003,127.370003,125.550003,127.050003,127.050003,2083
2/6/2020,127.099998,128.440002,127.099998,127.949997,127.949997,2962
2/7/2020,127.300003,128,127.239998,127.75,127.75,1065
2/10/2020,127,127.5,126.43,126.970001,126.970001,3067
2/11/2020,127,128.350006,127,127.599998,127.599998,4873
2/12/2020,127,129,127,128.580002,128.580002,1980
2/13/2020,128,128.619995,127.82,128.320007,128.320007,2589
2/14/2020,128,129,127.5,128.020004,128.020004,2087
2/17/2020,127,128,127,127.459999,127.459999,2878
2/18/2020,126.75,127.410004,125.610001,126.730003,126.730003,17933
2/19/2020,126.25,128.080002,126.25,127.540001,127.540001,2540
2/20/2020,127,128.470001,127,127.32,127.32,2106
2/24/2020,130,136.389999,124.800003,125.089996,125.089996,264801
2/25/2020,124.75,125.449997,124.489998,124.760002,124.760002,3056
2/26/2020,123.559998,124.379997,123.139999,123.389999,123.389999,3171
2/27/2020,122.25,124,121.959999,122.769997,122.769997,3174
2/28/2020,120,120.529999,118.57,119.489998,119.489998,11481
3/2/2020,121.400002,121.400002,116.900002,117.669998,117.669998,487553
3/3/2020,118.449997,119.919998,117.849998,119.559998,119.559998,5015
3/4/2020,119.089996,119.900002,117.25,118.849998,118.849998,5627
3/5/2020,118.639999,120.290001,118.639999,119.010002,119.010002,2387
3/6/2020,117.860001,117.860001,115.019997,116.32,116.32,6833
3/9/2020,114.900002,115.900002,108.25,110.970001,110.970001,1425478
3/11/2020,111,111.629997,109.839996,110.82,110.82,13163
3/12/2020,106.389999,107.389999,100.349998,103.440002,103.440002,45678
3/13/2020,96.989998,109,96.989998,105.449997,105.449997,37991
3/16/2020,102,108,98.900002,100.370003,100.370003,1796195
3/17/2020,100,102.599998,96.050003,96.279999,96.279999,1667918
3/18/2020,97.989998,101,91.360001,94.519997,94.519997,881541
